sentence,label
"In the heart of the bustling city, surrounded by towering skyscrapers and endless streams of people rushing to their destinations, there existed a small, quaint bookstore tucked away in a narrow alley, where the smell of old books mingled with the aroma of freshly brewed coffee from the neighboring café, creating a haven for readers and dreamers alike.",0
"Every Sunday morning, the local farmers' market came alive with the vibrant colors of fresh produce, the sound of lively chatter among vendors and customers, and the enticing scent of baked goods wafting through the air; it was a place where families gathered to shop for their weekly groceries, friends met for a casual stroll, and visitors marveled at the variety of fruits, vegetables, and artisanal products.",0
"The golden rays of the setting sun cast a warm glow over the serene landscape, where the rolling hills stretched out as far as the eye could see, dotted with clusters of trees and wildflowers that swayed gently in the evening breeze; it was a peaceful moment, one that seemed to hold the promise of a tranquil night ahead.",0
"As the conference room filled with colleagues from various departments, the atmosphere was charged with anticipation and a sense of purpose; today marked the beginning of a new project that had the potential to redefine the company's future; the team members exchanged ideas, debated strategies, and collaborated on solutions, all the while fostering a spirit of innovation and teamwork.",0
"The annual science fair was a highlight of the school year, where students of all ages showcased their experiments and projects to parents, teachers, and judges; the gymnasium was filled with colorful displays, bubbling beakers, and whirring gadgets, as the young scientists explained their findings with enthusiasm and pride, eager to win the top prize and the admiration of their peers.",0
"As the train sped through the countryside, the passengers gazed out the windows at the passing scenery, where rolling fields of golden wheat swayed in the breeze, and distant mountains loomed on the horizon; some chatted quietly with their companions, while others lost themselves in thought or buried their noses in books, all enjoying the rhythmic clatter of the wheels on the tracks.",0
"The small town was nestled between rolling hills and a clear, winding river, making it a picturesque place to live.",0
"She spent the afternoon reading her favorite novel, losing herself in the intricate plot and well-developed characters.",0
"The concert was a spectacular event, with lights, music, and energy that filled the arena and captivated the audience.",0
"On weekends, he loved to explore the nearby forest, discovering new trails and enjoying the peace and quiet of nature.",0
"They gathered around the fireplace, telling stories and laughing together as the snow fell gently outside.",0
"The bakery down the street was famous for its fresh pastries, attracting customers from all over the neighborhood.",0
"As the sun set over the ocean, the sky turned a brilliant shade of orange, reflecting off the calm waves.",0
"She meticulously planned every detail of the event, ensuring that everything would be perfect for the big day.",0
"The sound of the waves crashing against the shore was soothing, providing a perfect backdrop for their evening walk.",0
"She spent hours tending to her garden, carefully watering and pruning the plants to keep them healthy.",0
"The hike to the mountain summit was challenging, but the breathtaking view at the top made it all worthwhile.",0
"They enjoyed a picnic in the park, relaxing on a blanket under the shade of a large oak tree.",0
"The old mansion was full of mysteries, with hidden rooms and secret passages that intrigued everyone who visited.",0
"He loved the smell of freshly cut grass, which always reminded him of summer days spent playing outside.",0
"The theater was packed for the opening night of the play, with everyone eager to see the performance.",0
"She found joy in painting, using vibrant colors to create scenes that reflected her mood and imagination.",0
"The boat ride along the river was peaceful, with the gentle current carrying them past picturesque villages and open fields.",0
"He spent the evening playing chess with his friend, both of them concentrating deeply on their next moves.",0
"The market was bustling with activity, with vendors selling fresh produce, handmade goods, and delicious street food.",0
"They loved exploring new cities, discovering unique shops, restaurants, and landmarks along the way.",0
"The smell of fresh bread wafted through the house as she pulled the loaves from the oven, golden and perfect.",0
"The mountain cabin was a cozy retreat, with a warm fireplace and a stunning view of the snow-covered peaks.",0
"He spent the afternoon fishing at the lake, enjoying the quiet and hoping for a big catch.",0
"The library was a quiet sanctuary, where she could escape from the world and immerse herself in a good book.",0
"They took a scenic drive along the coast, stopping at various overlooks to take in the stunning ocean views.",0
The sky was clear and blue as she walked along the beach enjoying the warm sand under her feet and the gentle sound of the waves,0
He enjoyed the peacefulness of the early morning hours when the world was still quiet and calm,0
The cat curled up on the windowsill soaking in the sunshine,0
She loved the smell of fresh flowers in the springtime,0
The little boy chased after the butterfly across the field laughing with joy,0
He spent the afternoon reading a book in his favorite chair,0
The dog wagged its tail happily as it played fetch in the yard,0
She took a walk through the park enjoying the cool breeze on her face,0
The sun set behind the mountains casting a warm glow over the landscape,0
He enjoyed listening to the birds sing as he sipped his morning coffee,0
The children laughed and played in the backyard until the sun went down,0
She found peace in tending to her garden every morning,0
The old man told stories of his youth to anyone who would listen,0
The rain gently tapped against the window as she drifted off to sleep,0
He loved the feeling of accomplishment after finishing a difficult project,0
The boat gently rocked on the calm water as the fisherman waited for a bite,0
She enjoyed the solitude of the library where she could get lost in a good book,0
The old house creaked and groaned in the wind,0
He took a deep breath of the fresh mountain air,0
The young couple walked hand in hand through the bustling market,0
She savored the taste of the freshly baked bread,0
The wind whispered through the trees,0
He marveled at the beauty of the sunset,0
The dog lay contentedly at his feet,0
She listened to the gentle lapping of the waves,0
The fire crackled in the fireplace as they sat together,0
He watched as the stars twinkled in the night sky,0
The baby smiled up at his mother,0
She dipped her toes in the cool water of the lake,0
The horse galloped across the field with its mane flowing in the wind,0
He could hear the distant sound of a train whistle,0
She painted the walls of her new apartment with bright colors,0
The rain had finally stopped leaving the streets wet and shiny,0
He caught the ball with a quick reflexive motion,0
She carefully arranged the flowers in a vase,0
The plane flew high above the clouds,0
He poured himself a cup of tea and sat down to relax,0
The old tree stood tall and proud in the center of the park,0
She picked up the shell from the sandy beach,0
He looked out over the vast ocean stretching to the horizon,0
She placed the final piece of the puzzle with a smile,0
He brushed the dirt off his clothes after working in the garden,0
She gently rocked the baby to sleep,0
He opened the window to let in the fresh air,0
She tied her shoes tightly before starting her run,0
He flipped through the pages of the old book,0
The candle flickered softly on the table,0
She folded the laundry and placed it in the basket,0
He walked through the forest enjoying the quiet solitude,0
She carefully cut the fabric with sharp scissors,0
What time do you usually wake up in the morning and how do you feel about starting your day?,0
How do you think technology will change the way we live in the next ten years?,0
What is the best way to balance work and personal life in today's fast-paced world?,0
Why do you think some people are more successful at achieving their goals than others?,0
How do you decide which books are worth reading and which ones are not?,0
What are the key factors that contribute to a healthy and happy life?,0
Why is it important to spend time outdoors and connect with nature?,0
How can we encourage more people to get involved in community service activities?,0
What steps can you take to improve your mental and physical well-being?,0
How does your diet impact your overall health and energy levels?,0
What are the most effective ways to reduce stress in your daily life?,0
Why is it important to have hobbies and interests outside of work?,0
How do you stay motivated when facing challenges or setbacks?,0
What strategies do you use to manage your time effectively?,0
How can you improve your communication skills in both personal and professional settings?,0
Why do you think some people are more creative than others?,0
What are the benefits of learning a new language?,0
How can you build stronger relationships with your friends and family?,0
What are the most important qualities to look for in a friend?,0
How do you define success and what does it mean to you?,0
What are the biggest challenges facing the world today?,0
How can we make education more accessible to everyone?,0
Why is it important to be open to new experiences and ideas?,0
How do you handle difficult situations and make tough decisions?,0
What are the best ways to stay healthy and active as you age?,0
How can we promote equality and fairness in our communities?,0
Why is it important to have a positive attitude in life?,0
How do you set goals and stay focused on achieving them?,0
What are the most effective ways to manage your finances?,0
"How do you find balance between work, family, and personal time?",0
What role does technology play in shaping the future of education?,0
How can we protect the environment for future generations?,0
Why do some people struggle with maintaining a healthy lifestyle?,0
How can we encourage more creativity in the workplace?,0
What are the benefits of regular exercise for mental health?,0
How do you stay informed about current events and issues?,0
Why is it important to learn from your mistakes?,0
How can you develop a more positive mindset?,0
What are the most common barriers to achieving personal goals?,0
How can you improve your problem-solving skills?,0
Why is it important to have a strong work ethic?,0
How can we create more inclusive communities?,0
What are the best ways to stay organized in your daily life?,0
How can you build self-confidence and self-esteem?,0
Why is it important to have a diverse range of interests?,0
How do you approach learning new skills or hobbies?,0
What are the benefits of spending time with loved ones?,0
How can you maintain a healthy work-life balance?,0
Why is it important to give back to your community?,0
How do you stay focused and productive throughout the day?,0
How do you think social media has changed the way we communicate with each other?,0
What are the key benefits of practicing mindfulness regularly?,0
Why is it important to recycle and reduce waste in our daily lives?,0
How do you manage your time effectively when you have multiple tasks to complete?,0
What are the most significant challenges facing young people today?,0
How can we encourage children to develop a love for reading?,0
Why do some people find it difficult to express their emotions?,0
How do you handle conflicts in your personal or professional relationships?,0
What are the benefits of traveling to different countries and experiencing new cultures?,0
How can we teach children to be more empathetic and understanding of others?,0
Why is it important to set realistic goals for yourself?,0
How does regular exercise contribute to your overall well-being?,0
What are the most effective ways to save money for the future?,0
How can you improve your listening skills in conversations?,0
Why is it important to get enough sleep each night?,0
How do you stay motivated to achieve your long-term goals?,0
What are the benefits of spending time outdoors in nature?,0
How can we encourage more people to adopt healthy eating habits?,0
Why is it important to be aware of your mental health?,0
How do you cope with stress in your daily life?,0
What are the most common barriers to effective communication?,0
How can we reduce our carbon footprint and protect the environment?,0
Why do some people prefer to work independently rather than in a team?,0
How do you balance your personal and professional responsibilities?,0
What are the key factors that contribute to a successful relationship?,0
How can you improve your critical thinking skills?,0
Why is it important to take breaks and relax during the day?,0
How do you maintain a positive attitude even when things get tough?,0
What are the benefits of learning a new language as an adult?,0
How can we make our communities safer and more inclusive?,0
Why is it important to be open-minded when meeting new people?,0
How do you manage your finances and budget effectively?,0
What are the most effective ways to stay physically active?,0
How can you build resilience and adapt to change?,0
Why do some people struggle with procrastination?,0
How do you approach problem-solving in your daily life?,0
What are the benefits of volunteering in your community?,0
How can we encourage more creativity in education?,0
Why is it important to stay informed about global issues?,0
How do you build and maintain healthy relationships?,0
What are the key benefits of practicing gratitude daily?,0
How can you improve your time management skills?,0
Why is it important to be honest and authentic in your interactions?,0
How do you set priorities and focus on what truly matters?,0
What are the most effective ways to improve your self-discipline?,0
How can we create a more sustainable future for generations to come?,0
Why is it important to stay connected with friends and family?,0
How do you approach learning new things and expanding your knowledge?,0
What are the benefits of having a positive support system?,0
How can you overcome obstacles and stay determined to reach your goals?,0
How can companies leverage big data to make better business decisions and gain a competitive edge in the market?,0
What strategies should businesses adopt to stay resilient in the face of economic downturns and market volatility?,0
How can businesses effectively integrate artificial intelligence into their operations to improve efficiency and customer experience?,0
What role does corporate social responsibility play in enhancing a company’s brand image and customer loyalty?,0
"How can small businesses compete with larger corporations in a highly competitive market, and what strategies can they employ?",0
"What are the key factors that influence consumer behavior in today’s digital age, and how can businesses adapt to these changes?",0
How can businesses develop a strong online presence to attract and retain customers in an increasingly digital world?,0
What are the most effective ways for companies to manage and mitigate risks in their supply chain operations?,0
How can businesses foster a culture of innovation and creativity among their employees to drive growth and success?,0
"What are the key challenges facing the retail industry today, and how can businesses overcome them to stay competitive?",0
How can companies use social media marketing to build brand awareness and engage with their target audience effectively?,0
"What are the best practices for businesses to manage remote teams, ensuring productivity and employee satisfaction?",0
How can businesses stay ahead of technological advancements and continuously innovate to meet changing consumer demands?,0
What role does customer feedback play in shaping a company’s product development and overall business strategy?,0
How can businesses create a sustainable business model that balances profitability with environmental and social responsibility?,0
"What are the key factors that drive employee engagement, and how can companies foster a motivated and productive workforce?",0
How can businesses navigate the complexities of international trade and expand their operations into global markets?,0
What are the most effective ways for companies to protect their intellectual property and prevent theft or infringement?,0
How can businesses optimize their marketing strategies to reach their target audience and maximize return on investment?,0
"What are the key challenges and opportunities in the e-commerce industry, and how can businesses capitalize on them?",0
How can companies create a strong brand identity that resonates with customers and sets them apart from competitors?,0
What are the most important factors to consider when developing a pricing strategy for a new product or service?,0
How can businesses use data analytics to gain insights into customer preferences and improve their products or services?,0
"What are the key trends shaping the future of the financial services industry, and how can companies stay ahead?",0
How can businesses ensure compliance with regulatory requirements while maintaining flexibility and agility in their operations?,0
"What role does leadership play in driving a company’s success, and how can leaders inspire and motivate their teams?",0
How can businesses build strong partnerships and collaborations with other organizations to achieve mutual benefits?,0
What are the most effective ways for companies to manage their cash flow and maintain financial stability?,0
"How can businesses create a positive work environment that fosters employee well-being, satisfaction, and retention?",0
"What are the key challenges of digital transformation, and how can businesses successfully navigate this transition?",0
How can companies use content marketing to educate their audience and establish themselves as industry thought leaders?,0
What are the best practices for managing customer relationships and building long-term loyalty in a competitive market?,0
How can businesses adapt to changing consumer preferences and trends in the fast-paced retail industry?,0
"What are the key considerations for businesses when expanding into new markets, and how can they mitigate risks?",0
How can companies effectively manage their brand reputation in an era of social media and online reviews?,0
"What role does innovation play in driving business growth, and how can companies foster a culture of continuous improvement?",0
How can businesses optimize their operations to reduce costs and improve efficiency without compromising quality?,0
"What are the key challenges facing the healthcare industry, and how can businesses address them to provide better services?",0
How can companies develop a strong customer service strategy that enhances customer satisfaction and drives repeat business?,0
What are the most effective ways for businesses to attract and retain top talent in a competitive job market?,0
How can businesses use influencer marketing to reach new audiences and build credibility in their industry?,0
What are the key factors to consider when developing a global marketing strategy for a multinational company?,0
How can businesses use mobile technology to engage with customers and enhance their shopping experience?,0
What are the most important factors to consider when evaluating potential business partners or collaborators?,0
"How can businesses leverage emerging technologies, such as blockchain and artificial intelligence, to gain a competitive advantage?",0
"What role does sustainability play in shaping the future of the manufacturing industry, and how can companies adapt?",0
How can businesses use customer segmentation to tailor their marketing efforts and improve conversion rates?,0
"What are the key challenges facing the hospitality industry today, and how can businesses overcome them to thrive?",0
How can companies create a strong corporate culture that aligns with their values and supports their long-term goals?,0
What are the most effective ways for businesses to manage crises and maintain customer trust during challenging times?,0
Can you provide some insights on weather in different countries?,0
Can you provide some insights on latest technology trends?,0
Can you provide some insights on cooking recipes?,0
Can you provide some insights on fitness tips?,0
Can you provide some insights on book recommendations?,0
Can you provide some insights on music genres?,0
Can you provide some insights on travel destinations?,0
Can you provide some insights on financial advice?,0
Can you provide some insights on language learning tips?,0
Can you provide some insights on movie reviews?,0
Can you provide some insights on cooking recipes?,0
Can you provide some insights on fitness tips?,0
Can you provide some insights on book recommendations?,0
Can you provide some insights on music genres?,0
Can you provide some insights on travel destinations?,0
Can you provide some insights on travel destinations?,0
Can you provide some insights on financial advice?,0
Can you provide some insights on language learning tips?,0
Can you provide some insights on movie reviews?,0
Can you provide some insights on weather in different countries?,0
Can you provide some insights on latest technology trends?,0
Can you provide some insights on cooking recipes?,0
Can you provide some insights on fitness tips?,0
Can you provide some insights on book recommendations?,0
Can you provide some insights on music genres?,0
Can you provide some insights on travel destinations?,0
Can you provide some insights on fitness tips?,0
Can you provide some insights on book recommendations?,0
Can you provide some insights on music genres?,0
Can you provide some insights on travel destinations?,0
Can you provide some insights on financial advice?,0
Can you provide some insights on language learning tips?,0
Can you provide some insights on movie reviews?,0
Can you provide some insights on weather in different countries?,0
Can you provide some insights on latest technology trends?,0
Can you provide some insights on cooking recipes?,0
Can you provide some insights on fitness tips?,0
Can you provide some insights on book recommendations?,0
Can you provide some insights on music genres?,0
Can you provide some insights on travel destinations?,0
Can you provide some insights on financial advice?,0
Can you provide some insights on language learning tips?,0
Can you provide some insights on movie reviews?,0
Can you provide some insights on weather in different countries?,0
Can you provide some insights on latest technology trends?,0
Can you provide some insights on cooking recipes?,0
Can you provide some insights on fitness tips?,0
Can you provide some insights on language learning tips?,0
Can you provide some insights on latest technology trends?,0
Can you provide some insights on cooking recipes?,0
Can you provide some insights on fitness tips?,0
Can you provide some insights on book recommendations?,0
Can you provide some insights on music genres?,0
Can you provide some insights on travel destinations?,0
Can you provide some insights on financial advice?,0
Can you provide some insights on language learning tips?,0
Can you provide some insights on movie reviews?,0
Can you provide some insights on weather in different countries?,0
Can you provide some insights on latest technology trends?,0
Can you provide some insights on cooking recipes?,0
Can you provide some insights on fitness tips?,0
Can you provide some insights on book recommendations?,0
Can you provide some insights on music genres?,0
Can you provide some insights on travel destinations?,0
Can you provide some insights on financial advice?,0
Can you provide some insights on language learning tips?,0
Can you provide some insights on movie reviews?,0
Can you provide some insights on weather in different countries?,0
Can you provide some insights on latest technology trends?,0
Can you provide some insights on cooking recipes?,0
Can you provide some insights on fitness tips?,0
Can you provide some insights on book recommendations?,0
Can you provide some insights on music genres?,0
Can you provide some insights on travel destinations?,0
Can you provide some insights on financial advice?,0
Can you provide some insights on language learning tips?,0
Can you provide some insights on movie reviews?,0
Can you provide some insights on book recommendations?,0
Can you provide some insights on music genres?,0
Can you provide some insights on travel destinations?,0
Can you provide some insights on financial advice?,0
Can you provide some insights on language learning tips?,0
Can you provide some insights on movie reviews?,0
Can you provide some insights on weather in different countries?,0
Can you provide some insights on latest technology trends?,0
Can you provide some insights on movie reviews?,0
Can you provide some insights on weather in different countries?,0
Can you provide some insights on latest technology trends?,0
Can you provide some insights on cooking recipes?,0
Can you provide some insights on fitness tips?,0
Can you provide some insights on book recommendations?,0
Can you provide some insights on music genres?,0
Can you provide some insights on travel destinations?,0
Can you provide some insights on financial advice?,0
Can you provide some insights on language learning tips?,0
Can you provide some insights on movie reviews?,0
Can you provide some insights on weather in different countries?,0
Can you provide some insights on latest technology trends?,0
Can you provide some insights on cooking recipes?,0
Can you provide some insights on fitness tips?,0
Can you provide some insights on book recommendations?,0
Can you provide some insights on music genres?,0
Can you provide some insights on travel destinations?,0
Can you provide some insights on financial advice?,0
Can you provide some insights on language learning tips?,0
Can you provide some insights on movie reviews?,0
Can you provide some insights on weather in different countries?,0
Can you provide some insights on latest technology trends?,0
Can you provide some insights on cooking recipes?,0
Can you provide some insights on fitness tips?,0
Can you provide some insights on music genres?,0
Can you provide some insights on travel destinations?,0
Can you provide some insights on financial advice?,0
Can you provide some insights on language learning tips?,0
Can you provide some insights on movie reviews?,0
Can you provide some insights on weather in different countries?,0
Can you provide some insights on latest technology trends?,0
Can you provide some insights on cooking recipes?,0
Can you provide some insights on fitness tips?,0
Can you provide some insights on book recommendations?,0
Can you provide some insights on music genres?,0
Can you provide some insights on travel destinations?,0
Can you provide some insights on financial advice?,0
Can you provide some insights on language learning tips?,0
Can you provide some insights on movie reviews?,0
Can you provide some insights on weather in different countries?,0
Can you provide some insights on latest technology trends?,0
Can you provide some insights on cooking recipes?,0
Can you provide some insights on fitness tips?,0
Can you provide some insights on book recommendations?,0
Can you provide some insights on music genres?,0
Can you provide some insights on travel destinations?,0
Can you provide some insights on financial advice?,0
Can you provide some insights on language learning tips?,0
Can you provide some insights on movie reviews?,0
Can you provide some insights on weather in different countries?,0
Can you provide some insights on latest technology trends?,0
Can you provide some insights on cooking recipes?,0
Can you provide some insights on fitness tips?,0
Can you provide some insights on book recommendations?,0
Can you provide some insights on music genres?,0
Can you provide some insights on travel destinations?,0
Can you provide some insights on financial advice?,0
Can you provide some insights on language learning tips?,0
Can you provide some insights on movie reviews?,0
Can you provide some insights on weather in different countries?,0
Can you provide some insights on latest technology trends?,0
Can you provide some insights on cooking recipes?,0
Can you provide some insights on fitness tips?,0
Can you provide some insights on book recommendations?,0
Can you provide some insights on music genres?,0
Can you provide some insights on travel destinations?,0
Can you provide some insights on music genres?,0
Can you provide some insights on travel destinations?,0
Can you provide some insights on financial advice?,0
Can you provide some insights on language learning tips?,0
Can you provide some insights on movie reviews?,0
Can you provide some insights on weather in different countries?,0
Can you provide some insights on latest technology trends?,0
Can you provide some insights on cooking recipes?,0
Can you provide some insights on fitness tips?,0
Can you provide some insights on book recommendations?,0
Can you provide some insights on music genres?,0
Can you provide some insights on travel destinations?,0
Can you provide some insights on financial advice?,0
Can you provide some insights on latest technology trends?,0
Can you provide some insights on cooking recipes?,0
Can you provide some insights on fitness tips?,0
Can you provide some insights on book recommendations?,0
Can you provide some insights on music genres?,0
Can you provide some insights on travel destinations?,0
Can you provide some insights on financial advice?,0
Can you provide some insights on language learning tips?,0
Can you provide some insights on movie reviews?,0
Can you provide some insights on weather in different countries?,0
Can you provide some insights on latest technology trends?,0
Can you provide some insights on cooking recipes?,0
Can you provide some insights on fitness tips?,0
Can you provide some insights on music genres?,0
Can you provide some insights on travel destinations?,0
Can you provide some insights on financial advice?,0
Can you provide some insights on language learning tips?,0
Can you provide some insights on fitness tips?,0
Can you provide some insights on book recommendations?,0
Can you provide some insights on music genres?,0
Can you provide some insights on travel destinations?,0
Can you provide some insights on financial advice?,0
Can you provide some insights on language learning tips?,0
Can you provide some insights on movie reviews?,0
Can you provide some insights on weather in different countries?,0
Can you provide some insights on latest technology trends?,0
Can you provide some insights on cooking recipes?,0
Can you provide some insights on fitness tips?,0
Can you provide some insights on book recommendations?,0
Can you provide some insights on music genres?,0
Can you provide some insights on travel destinations?,0
Can you provide some insights on financial advice?,0
Can you provide some insights on language learning tips?,0
Can you provide some insights on movie reviews?,0
Can you provide some insights on weather in different countries?,0
Can you provide some insights on latest technology trends?,0
Can you provide some insights on cooking recipes?,0
Can you provide some insights on fitness tips?,0
Can you provide some insights on book recommendations?,0
Can you provide some insights on music genres?,0
Can you provide some insights on travel destinations?,0
Can you provide some insights on financial advice?,0
Can you provide some insights on language learning tips?,0
Can you provide some insights on movie reviews?,0
Can you provide some insights on weather in different countries?,0
Can you provide some insights on latest technology trends?,0
Can you provide some insights on cooking recipes?,0
Can you provide some insights on fitness tips?,0
Can you provide some insights on book recommendations?,0
Can you provide some insights on music genres?,0
Can you provide some insights on travel destinations?,0
Can you provide some insights on financial advice?,0
Can you provide some insights on language learning tips?,0
Can you provide some insights on movie reviews?,0
Can you provide some insights on weather in different countries?,0
Can you provide some insights on latest technology trends?,0
Can you provide some insights on cooking recipes?,0
Can you provide some insights on fitness tips?,0
Can you provide some insights on book recommendations?,0
Can you provide some insights on book recommendations?,0
Can you provide some insights on movie reviews?,0
Can you provide some insights on weather in different countries?,0
Can you provide some insights on latest technology trends?,0
Can you provide some insights on cooking recipes?,0
Can you provide some insights on fitness tips?,0
Can you provide some insights on book recommendations?,0
Can you provide some insights on music genres?,0
Can you provide some insights on travel destinations?,0
Can you provide some insights on financial advice?,0
Can you provide some insights on language learning tips?,0
Can you provide some insights on movie reviews?,0
Can you provide some insights on weather in different countries?,0
Can you provide some insights on latest technology trends?,0
Can you provide some insights on cooking recipes?,0
Can you provide some insights on fitness tips?,0
Can you provide some insights on book recommendations?,0
Can you provide some insights on music genres?,0
Can you provide some insights on travel destinations?,0
Can you provide some insights on financial advice?,0
Can you provide some insights on language learning tips?,0
Can you provide some insights on movie reviews?,0
Can you provide some insights on weather in different countries?,0
Can you provide some insights on latest technology trends?,0
Can you provide some insights on cooking recipes?,0
Can you provide some insights on language learning tips?,0
Can you provide some insights on movie reviews?,0
Can you provide some insights on weather in different countries?,0
Can you provide some insights on latest technology trends?,0
Can you provide some insights on weather in different countries?,0
Can you provide some insights on latest technology trends?,0
Can you provide some insights on book recommendations?,0
Can you provide some insights on music genres?,0
Can you provide some insights on travel destinations?,0
Can you provide some insights on financial advice?,0
Can you provide some insights on language learning tips?,0
Can you provide some insights on movie reviews?,0
What's the latest on weather in different countries?,0
What are some details about latest technology trends?,0
Can you tell me more about cooking recipes?,0
Where can I find information on fitness tips?,0
How do you feel about book recommendations?,0
What should I know about music genres?,0
Could you explain more about travel destinations?,0
What's the latest on financial advice?,0
Could you explain more about language learning tips?,0
Any recommendations for movie reviews?,0
Can you tell me more about weather in different countries?,0
Any recommendations for latest technology trends?,0
Any recommendations for cooking recipes?,0
Could you explain more about fitness tips?,0
What should I know about book recommendations?,0
Why is music genres important?,0
What are some details about travel destinations?,0
Could you explain more about financial advice?,0
Why is language learning tips important?,0
Can you tell me more about movie reviews?,0
Any recommendations for weather in different countries?,0
What's the latest on latest technology trends?,0
What's the latest on cooking recipes?,0
"I'm curious about fitness tips, can you elaborate?",0
Could you explain more about book recommendations?,0
Can you tell me more about music genres?,0
Why is travel destinations important?,0
What are some details about financial advice?,0
Any recommendations for language learning tips?,0
What are some details about movie reviews?,0
What are some details about weather in different countries?,0
Why is latest technology trends important?,0
Can you tell me more about cooking recipes?,0
Any recommendations for fitness tips?,0
Any recommendations for book recommendations?,0
What's the latest on music genres?,0
Could you explain more about travel destinations?,0
What should I know about financial advice?,0
Why is language learning tips important?,0
What are some details about movie reviews?,0
What's the latest on weather in different countries?,0
Can you tell me more about latest technology trends?,0
"I'm curious about cooking recipes, can you elaborate?",0
Can you tell me more about fitness tips?,0
"I'm curious about book recommendations, can you elaborate?",0
Where can I find information on music genres?,0
Any recommendations for travel destinations?,0
Could you explain more about financial advice?,0
Can you tell me more about language learning tips?,0
Where can I find information on movie reviews?,0
What should I know about weather in different countries?,0
Any recommendations for latest technology trends?,0
What are some details about cooking recipes?,0
"I'm curious about fitness tips, can you elaborate?",0
Could you explain more about book recommendations?,0
"I'm curious about music genres, can you elaborate?",0
What's the latest on travel destinations?,0
"I'm curious about financial advice, can you elaborate?",0
Can you tell me more about language learning tips?,0
What's the latest on movie reviews?,0
Can you tell me more about weather in different countries?,0
Could you explain more about latest technology trends?,0
How do you feel about cooking recipes?,0
What's the latest on fitness tips?,0
Any recommendations for book recommendations?,0
Why is music genres important?,0
Any recommendations for travel destinations?,0
Could you explain more about financial advice?,0
Could you explain more about language learning tips?,0
What are some details about movie reviews?,0
What are some details about weather in different countries?,0
What should I know about latest technology trends?,0
Could you explain more about cooking recipes?,0
Any recommendations for fitness tips?,0
What should I know about book recommendations?,0
Can you tell me more about music genres?,0
What's the latest on travel destinations?,0
Where can I find information on financial advice?,0
Could you explain more about language learning tips?,0
How do you feel about movie reviews?,0
Where can I find information on weather in different countries?,0
"I'm curious about latest technology trends, can you elaborate?",0
What should I know about cooking recipes?,0
Can you tell me more about fitness tips?,0
Where can I find information on book recommendations?,0
What's the latest on music genres?,0
Can you tell me more about travel destinations?,0
What are some details about financial advice?,0
How do you feel about language learning tips?,0
"I'm curious about movie reviews, can you elaborate?",0
Where can I find information on weather in different countries?,0
"I'm curious about latest technology trends, can you elaborate?",0
Can you tell me more about cooking recipes?,0
Any recommendations for fitness tips?,0
Where can I find information on book recommendations?,0
What should I know about music genres?,0
Why is travel destinations important?,0
What are some details about financial advice?,0
"I'm curious about language learning tips, can you elaborate?",0
What should I know about movie reviews?,0
Ths is a smple senence with errors.,0
I cnnot belive this happend!,0
The qwik brown fox jmps over the lazy dog.,0
This prodct is absolutly wothless.,0
He dind't know what to say.,0
Immediatly take action and resolve the prblem.,0
She recieved the pakage yesterdy.,0
This is definatley not what I orderd.,0
We shuld meet at the usual plce.,0
The governmnt needs to adress this issue.,0
This is a test sentence.,0
This is a test sentence.,0
The product exceeded my expectations.,0
The product exceeded my expectations.,0
I would highly recommend this service.,0
Customer support was very helpful.,0
This is the best experience I've had.,0
The cafÃ© was lovely with great Ã©clairs.,0
He said it was a touch of crÃ¨me brÃ»lÃ©e.,0
The piÃ±ata was colorful and full of candies.,0
Itâ€™s important to check the temperature.,0
The dÃ©cor in the room was elegant.,0
They visited the ChÃ¢teau de Versailles last summer.,0
My favorite artist is FranÃ§ois Boucher.,0
The naÃ¯ve approach didnâ€™t work out well.,0
She has a keen interest in SÃ¸ren Kierkegaardâ€™s philosophy.,0
asdagg asd aaasdthh,0
ggggashhhhh s,0
asdsdasbdfcvqwe,0
zxcawqwetrfgff,0
"nm,hjkhjk",0
iopuhlhjkhh xcv sfgsdfgsdfg xcccdsss.,0
I never said she stole my money.,0
The product is really,0
The file was named ÃŸpecial_characters.txt.,0
She go to the store yesterday.,0
I was going to the store when I,0
The project was due last week but,0
He wanted to explain everything but then,0
"After the meeting, they decided to",0
She quickly finished her work and then,0
We were all set to leave when,0
The solution seemed perfect until we,0
I thought about your suggestion and,0
They promised to help us with,0
"While cooking dinner, I accidentally",0
"Before you make a decision, you should",0
Este es un ejemplo de una oración en español.,0
Cette phrase est en français.,0
Das ist ein Beispiel für einen deutschen Satz.,0
这是一个中文句子的例子。,0
これは日本語の文の例です。,0
Это пример предложения на русском языке.,0
Questo è un esempio di frase in italiano.,0
यह हिंदी में एक वाक्य का उदाहरण है।,0
Esta é uma frase em português.,0
Αυτή είναι μια πρόταση στα ελληνικά.,0
cvb,0
ncvb,0
cvbx,0
what is gender?,0
what gender is?,0
what is sex,0
What is name,0
What to do with AL?,0
What is wrong with AL?,0
What's wrong with you?,0
wat's is my favourite food?,0
wat's  my dream?,0
asddfgdfg asdfcb asd,0
What is birth date?,0
What is religion?,0
What religion is?,0
What is mobile?,0
what is company?,0
what is children?,0
what is race?,0
what is information?,0
what is profile means?,0
